,battery_power,int_memory,px_height,px_width,ram,sc_h,sc_w,price_range
0,842,7,20,756,2549,9,7,1
1,1021,53,905,1988,2631,17,3,2
2,563,41,1263,1716,2603,11,2,2
3,615,10,1216,1786,2769,16,8,2
4,1821,44,1208,1212,1411,8,2,1
5,1859,22,1004,1654,1067,17,1,1
6,1821,10,381,1018,3220,13,8,3
7,1954,24,512,1149,700,16,3,0
8,1445,53,386,836,1099,17,1,0
9,509,9,1137,1224,513,19,10,0
10,769,9,248,874,3946,5,2,3
11,1520,33,151,1005,3826,14,9,3
12,1815,33,607,748,1482,18,1,1
13,803,17,344,1440,2680,7,1,2
14,1866,52,356,563,373,14,9,0
15,775,46,862,1864,568,17,15,0
16,838,13,984,1850,3554,10,9,3
17,595,23,441,810,3752,10,2,3
18,1131,49,658,878,1835,19,13,1
19,682,19,902,1064,2337,11,1,1
20,772,39,1314,1854,2819,17,15,3
21,1709,13,974,1385,3283,17,1,3
22,1949,47,407,822,1433,11,5,1
23,1602,38,466,788,1037,8,7,0
24,503,8,201,1245,2583,11,1,1
25,961,57,291,1434,2782,18,9,2
26,519,51,550,645,3763,16,1,3
27,956,41,511,1075,3286,17,8,3
28,1453,52,187,1311,2373,10,1,2
29,851,21,1171,1263,478,12,7,0
30,1579,5,1358,1739,3532,17,11,3
31,1568,33,413,654,508,5,1,0
32,1319,41,85,1152,2227,18,5,1
33,1310,51,178,1919,3845,7,1,3
34,644,22,311,881,1262,12,1,0
35,725,60,1134,1249,1326,10,4,1
36,589,61,429,815,2113,13,7,1
37,1725,6,609,1307,3429,6,5,3
38,790,11,347,730,3169,6,1,2
39,560,50,1448,1613,2150,18,12,2
40,1347,44,434,967,2484,18,2,2
41,1646,41,1725,1932,3339,18,10,3
42,1253,5,685,714,1878,15,1,1
43,1656,34,880,1456,1629,15,12,1
44,1195,20,1580,1652,504,9,3,0
45,1514,27,186,1810,1152,8,3,1
46,1723,42,202,1791,3587,10,5,3
47,1054,40,27,774,2296,16,12,1
48,578,57,1025,1433,1270,15,3,0
49,596,64,885,1854,3238,16,13,3
50,1547,14,1042,1832,2059,5,1,2
51,1760,63,1382,1383,2053,19,12,2
52,1654,43,546,629,3112,12,5,3
53,1457,16,1013,1287,1440,17,8,1
54,1073,51,690,804,2908,6,1,2
55,1936,46,667,1036,2552,14,7,2
56,823,60,822,1449,905,14,11,0
57,987,61,581,820,3963,9,4,3
58,1757,49,265,713,2056,7,5,1
59,1063,48,127,683,2910,15,13,2
60,1484,12,916,969,1457,14,4,1
61,799,63,361,975,431,15,6,0
62,1156,50,322,547,470,7,1,0
63,1720,55,753,1353,2148,14,2,2
64,702,9,504,1570,2955,10,4,2
65,616,44,651,1618,3366,18,8,3
66,1358,36,1565,1858,3068,9,4,3
67,1866,30,108,1781,3834,16,11,3
68,1242,10,459,1225,1050,11,1,0
69,1166,43,205,603,3993,7,1,3
70,1448,45,570,1724,3378,13,11,3
71,1407,22,1172,1217,2192,9,7,2
72,605,9,160,1026,392,15,6,0
73,1038,43,4,638,3709,11,1,3
74,797,38,763,1413,590,9,2,0
75,819,42,339,1242,1814,5,4,1
76,1114,9,1040,1071,907,10,7,0
77,1234,33,166,778,1449,11,7,0
78,1199,16,1168,1552,3448,17,13,3
79,1103,29,990,1486,1837,8,7,1
80,1589,58,319,1206,3464,19,10,3
81,999,64,1397,1616,2593,14,11,2
82,1510,45,708,1752,3484,9,6,3
83,1008,61,1077,1122,2009,10,3,1
84,1127,57,928,1049,2048,11,5,1
85,1412,25,516,1894,837,15,9,1
86,1496,42,96,741,854,16,1,0
87,1083,64,1025,1118,3210,13,3,3
88,668,3,666,1203,2746,9,5,2
89,1309,33,557,1402,2334,10,1,2
90,1724,57,1605,1924,2822,19,3,3
91,1977,54,1226,1242,1971,18,7,2
92,885,15,769,802,1410,16,10,0
93,879,14,403,1105,349,16,10,0
94,1322,7,177,1990,1418,19,17,1
95,1137,7,942,1179,3616,13,5,3
96,1355,23,651,891,880,19,4,0
97,1665,60,1572,1684,1601,18,17,2
98,657,37,476,961,1412,14,3,0
99,593,31,1233,1317,1692,6,2,1
100,1883,10,836,1739,2600,16,8,3
101,1732,12,824,881,1308,16,7,1
102,543,57,391,984,2413,17,14,1
103,1939,55,320,520,1047,14,10,0
104,553,8,325,902,1204,11,4,0
105,832,39,125,1504,1799,5,2,1
106,1661,23,846,1634,2676,12,6,3
107,1657,42,1770,1796,2597,18,1,3
108,1135,46,293,1846,3029,19,17,3
109,1775,41,1633,1869,2343,19,13,3
110,783,43,1198,1471,2016,16,4,1
111,617,32,768,874,2213,18,13,1
112,867,4,70,1974,790,13,6,0
113,1310,7,117,513,3182,8,4,2
114,1804,22,1158,1244,3472,9,1,3
115,1900,18,1055,1661,2871,12,1,3
116,909,53,635,973,3187,12,9,2
117,1084,40,322,771,1945,15,4,1
118,1308,46,275,989,488,5,3,0
119,1778,15,1445,1954,1214,5,1,1
120,1701,10,550,1338,2598,12,9,2
121,772,10,1242,1712,3242,18,11,3
122,825,52,597,863,3534,10,4,3
123,1379,36,538,1376,3426,5,4,3
124,1166,25,59,1203,2488,13,5,2
125,1659,16,819,902,3255,19,14,3
126,826,58,179,786,2863,9,3,2
127,1564,25,1259,1965,1496,6,4,1
128,1957,31,396,1732,3801,12,1,3
129,1571,19,713,1398,666,12,10,0
130,1414,54,262,829,3799,17,7,3
131,1790,2,622,792,1366,7,1,1
132,645,41,327,580,2962,12,9,2
133,668,30,522,1056,2399,10,5,1
134,1652,36,313,1264,2338,12,8,2
135,1213,16,226,1248,2700,12,3,2
136,1272,22,605,669,2235,19,4,1
137,866,46,692,1686,3825,12,11,3
138,536,3,1386,1539,284,12,9,0
139,523,14,304,1042,1427,9,1,0
140,1753,31,1590,1926,1324,17,1,2
141,1218,14,229,616,398,17,1,0
142,1537,43,839,1131,3685,18,17,3
143,786,33,507,1697,2390,12,11,2
144,1678,64,436,536,278,19,1,0
145,1814,9,756,786,3556,18,12,3
146,1101,31,387,1269,2196,12,6,1
147,1461,40,1265,1298,3799,16,1,3
148,1216,47,1852,1967,2268,13,5,2
149,506,41,875,1025,2965,13,10,2
150,843,56,140,800,2341,10,1,1
151,742,56,577,1359,3557,16,11,3
152,1692,61,975,1996,1354,16,7,1
153,1485,32,510,1013,2147,19,1,2
154,1547,45,583,590,505,12,2,0
155,1692,46,674,1925,1394,16,10,1
156,637,60,1125,1989,374,18,4,0
157,1224,6,747,826,506,10,1,0
158,1356,29,1612,1983,3702,17,1,3
159,1840,34,311,1545,1078,8,1,1
160,1481,37,116,1533,2945,10,5,2
161,961,51,554,621,2981,15,6,2
162,1296,14,811,1272,490,7,1,0
163,1193,26,730,1729,536,17,14,0
164,1441,3,577,1071,2317,16,4,2
165,517,33,660,974,3704,17,16,3
166,748,27,450,1554,2126,18,9,1
167,1126,10,1223,1611,2050,7,6,2
168,1572,58,1109,1937,2462,12,8,3
169,1569,44,45,1942,1260,9,2,1
170,1270,32,299,845,3770,5,3,3
171,1854,8,506,627,1886,17,4,1
172,625,10,635,842,3323,9,1,2
173,1577,42,1045,1737,2060,19,6,2
174,534,16,393,1199,3926,16,12,3
175,946,25,650,1740,2177,7,5,2
176,685,29,433,648,728,14,8,0
177,1949,23,839,1136,2478,14,8,3
178,947,22,1176,1220,2842,16,12,2
179,801,63,650,879,1617,17,4,1
180,703,30,218,1065,1472,14,7,0
181,1165,41,564,831,764,19,12,0
182,1082,38,986,1191,2337,6,1,2
183,959,20,561,1631,3965,16,1,3
184,1502,54,65,588,3693,17,14,3
185,1380,4,420,500,797,13,2,0
186,1266,5,1365,1698,1687,11,1,2
187,1934,46,619,1299,2940,13,9,3
188,1905,6,849,898,1545,9,5,1
189,1831,43,611,1381,3834,17,7,3
190,596,46,953,984,2505,15,4,1
191,1562,7,642,1533,2243,12,10,2
192,1490,64,1417,1464,3600,17,9,3
193,1523,57,247,539,3971,18,12,3
194,640,20,710,1179,2844,7,5,2
195,1526,23,718,751,2227,18,10,2
196,1989,41,1100,1497,1665,17,9,2
197,1308,61,59,1215,3355,15,2,3
198,609,26,938,1948,1866,11,10,1
199,1905,36,825,1542,1287,13,4,1
200,1703,22,286,1235,1046,5,4,0
201,1445,20,1273,1345,1441,7,4,1
202,1087,16,295,589,690,14,6,0
203,671,30,852,1182,2504,6,4,2
204,1472,61,710,1052,2677,19,15,2
205,765,47,1277,1429,2243,11,7,2
206,1642,8,129,873,2984,13,4,2
207,1265,49,690,836,1362,5,1,1
208,664,51,701,1478,3629,19,15,3
209,1277,35,309,1460,3559,18,17,3
210,1395,23,213,705,2571,11,1,2
211,1539,41,1112,1666,2107,15,9,2
212,1049,63,199,1077,1022,11,3,0
213,1827,39,55,1020,2844,14,9,2
214,903,50,1230,1235,711,9,5,0
215,1987,53,1052,1516,3117,18,5,3
216,1154,49,541,1499,978,5,3,0
217,1336,17,55,583,1869,13,1,1
218,1886,24,809,1958,1179,16,7,1
219,1551,51,1738,1995,3844,11,8,3
220,850,29,404,642,593,19,17,0
221,660,40,262,1178,588,6,5,0
222,1225,13,759,1404,3836,12,11,3
223,1452,25,42,1040,2669,12,10,2
224,1686,38,397,1453,2958,14,11,3
225,1634,17,964,1677,3031,11,6,3
226,1708,49,233,517,3388,6,4,3
227,1151,31,1022,1560,2377,18,8,2
228,1578,37,411,1226,2458,19,16,2
229,1689,24,954,1200,2766,7,2,3
230,1488,39,1528,1647,3054,14,10,3
231,1313,9,416,1308,3791,11,10,3
232,1715,31,638,1615,625,17,6,0
233,1442,27,231,687,2227,6,5,1
234,528,6,574,637,3256,9,8,2
235,1523,11,148,1606,707,19,8,0
236,1133,42,730,1543,1457,18,12,1
237,1718,6,564,980,3755,7,1,3
238,1330,38,1290,1441,1733,9,1,1
239,1799,49,632,1383,720,12,2,0
240,633,49,529,1009,3560,11,1,2
241,724,44,1273,1754,2311,7,6,2
242,822,51,667,860,3846,10,1,3
243,1918,10,1170,1543,1717,7,1,2
244,1891,37,169,1108,3704,8,6,3
245,1373,50,105,673,3800,8,3,3
246,862,23,793,1758,278,16,3,0
247,1273,48,490,886,1767,18,15,1
248,957,7,1201,1485,1846,12,5,1
249,1617,30,246,1038,829,9,1,0
250,893,55,417,946,2986,7,1,2
251,1210,63,1177,1462,2394,17,9,2
252,708,63,78,654,2169,6,5,1
253,835,7,323,1604,1181,13,5,0
254,1450,19,707,1882,575,15,9,0
255,973,57,457,1816,2977,6,4,2
256,601,4,356,765,532,12,8,0
257,507,32,936,1398,1702,17,1,1
258,564,51,912,1980,1074,14,8,0
259,1559,6,179,1559,3352,9,1,3
260,754,59,1914,1928,1027,6,3,1
261,728,25,526,1529,2039,5,1,1
262,1431,56,156,952,461,7,3,0
263,767,28,344,1517,527,10,1,0
264,1722,18,865,1741,3271,14,1,3
265,1992,57,1552,1596,606,9,3,1
266,1876,40,546,1564,2513,10,8,3
267,1054,38,1097,1222,1675,18,4,1
268,1283,47,372,692,2698,9,6,2
269,1281,28,1285,1617,1129,12,1,1
270,1066,7,1242,1571,468,19,13,0
271,730,4,302,1247,1210,19,15,0
272,1053,45,594,1767,3086,17,6,3
273,1611,3,303,714,1595,8,4,1
274,793,30,1858,1935,2332,17,13,2
275,1220,62,403,1933,2589,19,11,2
276,1662,61,32,1509,3760,9,5,3
277,1281,8,590,954,1851,8,2,1
278,538,2,235,662,417,8,4,0
279,823,39,630,888,294,13,9,0
280,1733,36,357,527,3576,17,16,3
281,1429,40,246,820,3945,11,7,3
282,1839,54,475,1493,927,19,10,1
283,659,6,1054,1929,2044,15,5,1
284,1953,56,555,764,2334,11,5,2
285,1172,27,607,1092,1477,12,1,1
286,612,16,1360,1891,3161,8,4,3
287,1563,24,142,1699,3660,7,5,3
288,1191,26,681,683,1604,14,3,1
289,615,42,104,1664,2211,7,4,1
290,1893,63,637,763,3822,14,3,3
291,1563,16,410,572,3922,11,1,3
292,1995,9,1830,1963,1203,14,12,2
293,1517,48,802,1489,2822,15,5,3
294,832,34,311,1294,447,15,13,0
295,1162,56,56,997,1652,5,1,1
296,1595,12,344,655,3608,15,1,3
297,1329,52,1053,1458,1228,8,6,1
298,928,56,221,1243,666,19,10,0
299,1656,38,506,519,1499,12,8,1
300,1937,58,1728,1767,3321,5,4,3
301,977,57,63,566,1206,7,1,0
302,768,56,418,515,952,19,3,0
303,1464,12,854,1168,3927,5,3,3
304,1177,29,178,882,311,18,5,0
305,1348,52,1869,1942,955,18,11,1
306,1956,37,185,776,1109,13,1,1
307,1751,8,170,564,2969,8,6,2
308,1530,42,454,1975,725,11,10,0
309,1997,40,866,1212,1655,7,6,2
310,1414,44,44,1118,3490,16,12,3
311,1707,41,1331,1388,1774,12,1,2
312,894,50,1285,1462,3615,13,1,3
313,645,41,741,1130,714,18,2,0
314,1163,49,520,754,2768,19,2,2
315,1126,49,114,1726,3739,14,1,3
316,1648,64,1153,1876,610,8,1,1
317,1170,14,474,709,715,18,5,0
318,508,42,39,557,663,13,12,0
319,1097,64,419,1914,1725,14,5,1
320,728,5,584,775,834,16,1,0
321,1980,29,312,1910,3865,12,10,3
322,1504,64,19,1923,3059,6,5,3
323,1379,63,207,1370,651,9,6,0
324,1698,18,363,994,796,13,3,0
325,920,25,209,1078,785,10,7,0
326,1144,21,159,724,3252,16,1,2
327,1995,26,649,1104,1322,15,11,1
328,1430,27,1132,1182,2832,7,1,2
329,972,13,1392,1795,1615,11,6,1
330,662,20,1001,1224,2125,17,15,1
331,1867,9,712,1442,990,6,1,1
332,1730,20,418,1023,1595,14,1,1
333,1723,7,384,1361,1213,5,1,1
334,1882,47,119,652,2500,17,1,2
335,803,18,627,935,2801,18,15,2
336,580,47,1086,1345,3451,15,1,3
337,668,48,195,1292,1201,14,12,0
338,1391,36,14,1256,3139,14,7,2
339,1560,22,745,1364,1938,15,11,2
340,821,54,253,1786,3185,8,4,2
341,811,2,333,1429,2111,18,7,1
342,1989,17,629,682,2369,7,1,2
343,1034,37,707,1199,3625,17,1,3
344,618,6,1314,1688,1051,13,10,0
345,654,52,1715,1898,1036,17,4,1
346,576,10,513,1438,2938,6,1,2
347,667,3,13,1463,2855,5,1,2
348,869,57,1243,1584,2727,13,3,2
349,635,42,300,1059,2973,12,5,2
350,609,44,58,1253,2581,15,11,1
351,1557,2,1107,1442,2690,18,16,3
352,1604,33,134,939,916,13,10,0
353,1182,8,275,986,2563,19,17,2
354,848,19,176,1029,3359,10,1,2
355,1610,64,1236,1280,941,8,4,1
356,1828,17,336,898,2280,17,14,2
357,880,50,1116,1381,827,15,9,0
358,1394,62,1010,1565,473,11,1,0
359,1960,61,205,1299,3865,10,7,3
360,809,21,1453,1726,1274,18,7,1
361,899,57,788,1331,364,11,1,0
362,1976,32,1301,1922,3699,17,11,3
363,879,21,463,1038,2927,14,13,2
364,916,36,188,992,1470,13,1,0
365,763,2,1028,1186,1050,6,4,0
366,508,9,1419,1920,2616,18,8,2
367,825,34,1471,1866,2915,8,2,3
368,1864,46,168,981,2686,11,7,2
369,1725,52,1125,1195,1243,19,18,1
370,1108,52,130,1706,3264,16,1,3
371,1011,36,481,749,2261,7,6,1
372,1703,55,1411,1711,2993,5,1,3
373,1067,58,79,681,706,12,9,0
374,1334,42,1187,1974,2542,10,1,3
375,775,30,561,1510,2523,17,16,2
376,1899,26,96,814,336,13,11,0
377,930,14,77,1025,2457,11,7,1
378,1058,19,493,1247,418,9,7,0
379,1187,46,1173,1814,3917,13,11,3
380,1874,8,964,1233,1246,8,1,1
381,1482,48,634,642,2971,12,8,2
382,1809,59,639,721,2324,10,6,2
383,864,54,127,1670,3121,18,2,2
384,625,33,431,550,3801,10,6,2
385,1880,18,71,699,3333,17,15,3
386,1138,44,111,1138,3475,19,3,3
387,560,23,356,1903,2360,17,16,1
388,1117,12,798,817,2895,7,6,2
389,1712,63,747,1126,3652,16,1,3
390,1836,26,408,1139,3097,5,1,3
391,1036,39,373,926,2101,10,7,1
392,1860,23,1362,1506,3918,9,2,3
393,1375,9,475,726,3869,19,18,3
394,1945,57,743,1753,732,14,1,1
395,1896,7,447,794,3684,9,7,3
396,788,57,42,1161,3969,12,8,3
397,880,33,30,1350,1414,12,1,0
398,1323,28,162,619,1892,10,1,1
399,1868,42,347,660,3131,8,3,3
400,1266,7,346,1468,2532,10,5,2
401,1042,50,727,1705,3215,18,1,3
402,1479,19,180,1476,3323,13,12,3
403,1476,55,1641,1666,1529,13,8,2
404,1552,13,269,1026,2403,9,2,2
405,1454,34,250,1033,3419,7,5,3
406,1007,45,1186,1529,3648,9,1,3
407,652,17,77,559,1974,12,10,0
408,1504,34,507,973,2806,7,2,2
409,1726,51,379,1223,2239,13,9,2
410,1029,5,264,956,582,15,7,0
411,1582,44,1486,1797,3890,17,10,3
412,1478,48,694,882,1141,5,2,1
413,1178,49,579,596,2511,6,3,2
414,707,25,495,574,3838,9,2,3
415,755,51,315,990,2734,10,1,2
416,912,54,329,1053,2330,19,5,1
417,651,63,548,858,2244,14,9,1
418,1483,54,531,758,1851,15,13,1
419,914,4,191,1495,808,11,7,0
420,1456,7,823,1104,1587,6,5,1
421,1178,57,96,1352,2492,16,14,2
422,1503,43,841,1304,2122,15,1,2
423,1681,11,195,1205,1122,12,6,0
424,715,48,21,562,3709,14,2,2
425,1876,56,235,585,3021,12,2,2
426,1190,47,1417,1441,624,9,3,0
427,1755,24,286,1075,3937,8,1,3
428,1197,20,649,1629,1797,19,5,1
429,1048,28,966,1975,1458,5,1,1
430,1887,17,1172,1798,3348,18,16,3
431,1772,64,270,545,1834,5,2,1
432,1421,57,781,1657,2775,13,8,3
433,1464,17,418,1341,1277,13,6,1
434,728,23,126,817,457,17,10,0
435,954,50,228,1058,438,17,1,0
436,685,13,1091,1203,3210,15,7,3
437,1472,36,1452,1744,985,12,11,1
438,853,3,674,740,3701,15,8,3
439,1469,8,398,1133,1052,8,1,0
440,1310,57,449,889,1175,16,1,0
441,1654,11,1184,1719,1070,8,1,1
442,902,3,675,1285,3411,12,11,3
443,1448,26,1792,1850,1175,12,9,1
444,1631,3,177,1905,301,13,5,0
445,1608,28,1013,1158,489,15,11,0
446,1991,64,1058,1325,1733,5,3,2
447,1349,62,592,772,2756,11,3,2
448,1589,51,810,1743,2612,8,2,2
449,1844,51,533,882,1724,5,1,1
450,712,35,558,1208,2190,16,12,1
451,972,54,681,1050,1900,16,8,1
452,1406,34,1017,1366,3915,9,8,3
453,1289,25,765,899,1043,6,2,0
454,932,64,1176,1224,3817,8,7,3
455,1747,48,947,1131,2362,17,2,2
456,1172,41,1314,1884,1107,7,3,1
457,1128,53,609,1370,2982,14,9,3
458,664,28,754,1497,2042,17,15,1
459,513,44,619,867,1343,5,1,0
460,1742,43,453,681,2610,12,3,2
461,1512,6,205,884,2335,15,7,2
462,1986,51,282,1358,1614,17,12,1
463,965,13,130,998,1138,9,8,0
464,1067,40,494,1989,604,16,14,0
465,1583,42,275,862,3652,14,10,3
466,1653,37,447,1785,3955,19,4,3
467,1433,4,281,799,258,11,9,0
468,765,18,6,793,1066,11,1,0
469,1845,61,292,695,1731,9,5,1
470,752,48,164,728,3860,7,5,3
471,1948,16,631,1940,3630,9,7,3
472,1077,45,897,1304,1965,6,2,1
473,932,60,268,1078,1459,6,1,0
474,1968,22,861,1259,2323,9,8,2
475,1122,2,331,790,3291,11,2,2
476,1588,61,1064,1594,3272,18,1,3
477,601,26,509,548,918,9,1,0
478,1615,15,622,1256,3488,16,2,3
479,1589,58,957,1911,3961,16,14,3
480,1417,56,494,1649,590,11,3,0
481,1697,34,236,1264,3701,15,9,3
482,1330,3,980,1262,463,14,6,0
483,1476,43,1789,1972,3644,15,10,3
484,1579,27,831,1484,1713,16,4,1
485,1277,41,902,1090,429,9,4,0
486,1089,2,636,1259,2765,13,12,2
487,1663,27,831,1439,2084,7,1,2
488,1949,20,518,592,1125,17,10,1
489,1138,48,233,1777,2048,6,1,2
490,685,17,725,870,1223,8,1,0
491,1889,31,170,1106,3672,5,1,3
492,857,17,157,948,3100,17,5,2
493,1902,50,1142,1393,343,11,8,0
494,1225,15,840,982,1970,16,8,1
495,1066,39,401,1586,2728,6,1,2
496,1554,5,395,1579,3635,7,4,3
497,1337,31,48,644,2180,7,4,1
498,1926,33,982,1157,2488,6,1,2
499,869,34,478,539,3864,13,3,3
500,1278,54,581,750,1155,7,1,0
501,1773,32,1215,1472,3566,17,6,3
502,1661,6,594,1337,864,9,8,1
503,1438,32,683,1663,869,19,13,0
504,1661,29,536,861,591,9,2,0
505,1846,19,83,773,1333,15,6,1
506,1260,23,905,1313,2208,12,11,2
507,512,15,249,1849,2610,18,14,2
508,581,59,803,1613,2819,19,17,2
509,1872,44,459,1259,1955,9,4,2
510,687,50,584,1151,3416,14,6,3
511,1062,10,1596,1807,3803,7,3,3
512,1678,7,418,1763,574,5,3,0
513,1417,45,364,1029,2129,13,9,1
514,1074,9,946,952,1948,13,1,1
515,1832,2,186,654,2978,18,7,2
516,1039,12,1428,1827,1619,7,1,1
517,1059,61,1613,1916,3716,15,13,3
518,1606,57,1127,1924,3454,13,8,3
519,1928,19,691,1580,3777,7,2,3
520,1875,55,1802,1942,2712,7,2,3
521,1128,46,751,1582,1434,5,1,1
522,1748,14,859,1234,3968,16,12,3
523,1413,51,187,517,3383,16,5,3
524,825,23,206,1917,3278,8,6,3
525,1589,26,1673,1759,3970,16,8,3
526,535,54,710,939,2674,14,8,2
527,1780,27,1331,1463,2776,19,17,3
528,1671,61,263,848,2336,10,4,2
529,1821,12,97,1803,2430,7,4,2
530,1076,38,129,915,891,18,3,0
531,532,8,1213,1354,728,13,5,0
532,777,30,189,1143,3886,14,10,3
533,1217,17,628,632,1711,7,3,1
534,1656,16,320,899,2856,14,3,2
535,1185,31,837,1642,2447,16,2,2
536,577,37,1087,1450,814,11,7,0
537,737,49,781,1463,2951,7,1,2
538,704,53,251,1013,3653,7,1,2
539,525,51,262,1587,1891,18,3,1
540,504,16,767,1665,701,17,15,0
541,793,38,1226,1815,3139,6,1,3
542,569,39,389,739,2811,7,6,1
543,1590,21,920,963,1701,11,4,1
544,707,16,1027,1508,1853,17,14,1
545,767,19,271,1000,2445,6,1,1
546,1350,50,369,544,2287,15,1,1
547,1117,31,1258,1627,2003,8,7,2
548,641,7,417,759,3595,7,5,2
549,1002,35,1345,1416,1726,16,5,1
550,1408,45,613,1088,3952,8,6,3
551,1900,41,912,1596,850,5,1,1
552,726,43,666,760,1446,17,2,0
553,1544,45,236,857,1300,8,7,1
554,1454,21,186,1100,719,14,10,0
555,1230,26,416,676,988,11,5,0
556,1552,53,430,658,2606,13,6,2
557,1519,32,168,1239,2912,11,10,2
558,723,30,1467,1901,2339,19,9,2
559,1191,13,179,1813,1028,14,6,0
560,1168,61,159,1578,3173,9,4,3
561,1229,14,120,1878,1667,17,6,1
562,1758,13,762,1864,1897,6,2,2
563,1290,3,600,1109,1214,9,8,1
564,574,38,286,1171,3269,8,7,2
565,1271,32,1350,1949,445,15,14,0
566,1170,30,27,1722,1073,6,4,0
567,1269,52,1597,1920,665,18,5,1
568,1288,50,1177,1809,3129,17,6,3
569,1366,34,402,964,3501,13,11,3
570,1572,8,577,1237,3461,6,3,3
571,1627,32,52,1082,3206,12,6,3
572,1701,46,364,828,3717,11,1,3
573,1900,55,934,1241,3917,15,5,3
574,1974,24,250,545,861,7,4,0
575,1197,20,214,1710,2885,19,7,2
576,587,6,612,1793,2777,9,2,2
577,934,24,1111,1463,1017,12,7,0
578,1195,23,163,1100,980,13,9,0
579,1853,23,202,1951,2775,14,4,3
580,1164,19,729,1704,3309,15,3,3
581,1512,18,1079,1897,3607,12,10,3
582,1232,24,361,809,1257,16,10,0
583,1813,5,338,1306,759,9,3,0
584,946,5,1698,1771,3720,15,7,3
585,739,58,1052,1536,475,7,6,0
586,704,29,1108,1509,1122,9,3,0
587,1663,40,951,1545,1336,8,5,1
588,1966,40,1197,1987,1185,11,2,2
589,1219,17,473,1022,705,11,3,0
590,612,35,1294,1337,3169,14,9,2
591,1658,39,410,522,3483,10,1,3
592,1263,64,178,1883,1183,14,3,1
593,1395,55,782,1787,3373,11,2,3
594,621,54,434,910,2801,6,1,2
595,652,58,464,781,565,18,12,0
596,1175,25,137,1501,3153,9,4,2
597,561,11,492,1176,3421,16,2,2
598,1137,3,1250,1285,316,15,14,0
599,1835,11,385,583,448,18,17,0
600,1170,40,427,684,2366,16,8,1
601,1595,44,1024,1838,3881,14,10,3
602,1719,12,240,904,462,6,3,0
603,1770,7,886,1552,1480,6,1,1
604,1312,28,1233,1854,1087,17,16,1
605,1878,56,183,559,2711,8,2,2
606,1871,20,88,1682,2144,13,12,2
607,922,35,1016,1383,1165,19,6,0
608,1975,16,80,655,2998,5,4,2
609,1212,46,611,1715,2249,14,3,2
610,1430,56,569,906,752,17,8,0
611,1958,4,304,637,1409,16,5,1
612,1836,30,276,1230,3072,7,3,3
613,557,24,1131,1315,1305,12,8,0
614,539,21,551,599,3597,14,5,2
615,880,44,436,1302,3132,8,7,2
616,1369,34,553,727,3856,18,4,3
617,1109,39,1391,1787,1524,15,10,1
618,843,16,981,1096,3673,12,1,3
619,598,21,680,1173,3293,8,4,2
620,972,5,687,816,3035,12,7,2
621,1944,36,1060,1970,584,17,14,1
622,1225,2,217,1101,2675,12,11,2
623,644,30,1140,1654,2382,9,1,2
624,1919,48,304,1191,1391,19,13,1
625,501,54,504,1089,2346,13,12,1
626,1620,30,832,1033,606,6,1,0
627,1227,34,935,1781,1324,7,3,1
628,1359,58,446,901,1076,16,8,0
629,1914,35,942,1701,643,17,1,1
630,1645,21,897,1308,783,10,8,0
631,1063,26,1208,1232,3809,17,16,3
632,946,19,159,630,2104,7,4,1
633,1231,54,632,1184,1762,5,3,1
634,1397,9,1308,1991,3137,12,1,3
635,701,15,1002,1256,1756,6,3,1
636,570,9,1331,1917,3663,14,10,3
637,1993,27,150,510,2437,14,1,2
638,955,43,1248,1511,1432,12,9,1
639,924,47,108,1813,1620,17,15,1
640,600,14,320,747,1655,18,1,0
641,518,3,437,1947,2832,5,1,2
642,1063,31,295,935,961,16,6,0
643,920,46,1058,1421,2608,6,1,2
644,1715,3,79,1652,514,7,4,0
645,1841,14,593,672,2304,7,1,2
646,543,60,693,1031,933,14,1,0
647,1762,25,300,527,1896,14,10,1
648,1112,53,234,739,3655,7,3,3
649,709,35,1545,1596,1973,12,9,1
650,1315,64,59,575,3278,6,3,2
651,1762,15,1103,1364,2183,8,3,2
652,1462,25,91,1478,824,15,5,0
653,571,35,177,1282,2598,13,5,1
654,666,54,58,1353,1254,15,9,0
655,1994,7,447,1435,3622,7,1,3
656,1583,14,942,1651,1704,17,13,2
657,1778,45,88,516,1624,15,13,1
658,1926,50,371,1000,3809,17,12,3
659,966,50,1446,1754,2574,10,1,2
660,568,36,181,1703,950,17,9,0
661,1897,21,1311,1935,273,17,6,0
662,1695,46,1791,1898,446,16,13,1
663,1623,61,1568,1832,1510,12,10,2
664,914,26,706,721,1122,12,9,0
665,1721,33,871,1048,707,19,2,0
666,890,44,1074,1873,751,7,3,0
667,600,48,501,1465,3393,12,7,2
668,1677,11,271,1477,3771,15,6,3
669,723,3,920,1748,1851,15,3,1
670,638,27,1171,1383,2735,7,2,2
671,852,62,293,1159,2253,17,4,1
672,1979,32,833,1630,452,13,6,0
673,710,32,485,857,1419,12,11,0
674,1034,45,182,1293,969,15,1,0
675,600,22,207,1162,3441,19,1,2
676,1027,64,1698,1747,3786,17,12,3
677,1260,13,165,736,2710,13,1,2
678,1793,12,1086,1418,3533,16,14,3
679,675,60,192,757,1735,7,1,0
680,658,12,1156,1750,3587,14,11,3
681,1694,34,377,549,2298,17,5,2
682,804,41,709,818,2027,11,5,1
683,1713,27,729,974,2406,13,10,2
684,706,31,543,938,2419,8,7,1
685,1362,25,553,1505,995,7,6,0
686,1527,60,526,1116,2078,5,3,2
687,768,19,637,991,1145,19,1,0
688,1314,41,113,577,626,10,4,0
689,705,57,1114,1374,1509,15,11,1
690,1403,26,461,1251,3371,13,9,3
691,1486,52,1430,1747,297,13,1,0
692,781,38,304,1674,3508,13,8,3
693,986,23,471,800,2385,16,9,1
694,1310,33,806,1016,1301,13,12,1
695,560,57,80,1327,2167,11,10,1
696,1348,43,204,501,3914,10,3,3
697,1567,22,545,1621,2312,9,1,2
698,1940,17,112,858,2297,14,6,2
699,1979,19,1331,1532,411,8,2,0
700,561,2,1055,1294,665,10,1,0
701,1717,62,609,810,3226,6,4,3
702,535,48,290,811,740,11,10,0
703,1413,39,1039,1318,3878,19,16,3
704,1358,20,1485,1655,3406,5,1,3
705,1519,30,1122,1702,2440,9,5,2
706,1254,50,462,1013,3959,10,4,3
707,1591,49,1384,1883,3703,17,6,3
708,977,35,1502,1862,3714,19,3,3
709,1640,21,589,1301,337,16,3,0
710,663,25,82,1605,3176,6,2,2
711,1744,20,68,718,1205,18,7,1
712,1624,28,689,699,2473,16,11,2
713,1108,2,208,1742,1229,5,3,0
714,1188,9,1339,1558,2896,12,11,3
715,817,11,722,766,2039,11,6,1
716,863,6,717,1799,520,10,2,0
717,1397,3,433,1658,1378,18,15,1
718,1108,49,1298,1666,3254,12,1,3
719,1068,37,186,1998,1803,5,4,1
720,1702,52,1397,1491,2501,16,12,3
721,808,8,618,1891,3762,15,9,3
722,1156,61,1214,1262,1796,16,6,1
723,1271,54,613,650,990,14,11,0
724,696,51,649,907,2630,18,8,1
725,1981,45,193,1234,1380,10,1,1
726,614,58,22,519,3487,15,6,2
727,1590,7,1464,1595,1201,12,3,1
728,1945,21,280,895,3015,6,1,3
729,1135,43,690,1589,3204,18,13,3
730,1049,2,39,1564,433,10,7,0
731,1807,49,337,1384,1906,17,13,2
732,984,42,1036,1611,898,16,8,0
733,720,61,1347,1733,2799,5,3,3
734,1536,13,22,1634,2020,6,1,2
735,771,25,327,922,770,12,1,0
736,503,57,778,1291,305,11,8,0
737,675,42,482,874,2953,9,5,2
738,1936,34,591,1089,1671,6,1,1
739,1303,15,229,1604,2574,12,4,2
740,1004,35,901,1162,3772,17,8,3
741,1972,37,715,1648,2870,16,1,3
742,1822,8,172,910,2577,9,5,2
743,1159,18,681,723,2246,8,1,1
744,1782,58,867,999,2405,15,1,2
745,894,16,286,1300,3377,5,1,2
746,1884,43,451,819,3619,14,8,3
747,1648,17,1119,1238,1184,6,2,1
748,798,4,526,643,2965,15,7,2
749,802,45,1299,1633,3713,8,3,3
750,1276,53,217,735,3798,19,10,3
751,1331,16,1109,1226,1026,13,5,1
752,1620,5,434,1339,1086,18,14,1
753,1996,51,671,1445,2236,8,7,2
754,1092,45,1404,1424,1303,12,3,1
755,1018,63,856,883,3048,10,3,2
756,545,11,381,1452,616,15,6,0
757,554,12,85,806,3764,10,7,2
758,1264,34,562,849,419,7,4,0
759,1030,58,1111,1812,2858,6,2,3
760,1432,39,209,947,504,14,4,0
761,558,49,997,1605,392,10,5,0
762,829,56,91,1916,820,12,6,0
763,1741,14,730,1895,3387,11,3,3
764,1849,15,606,1123,3447,14,11,3
765,733,7,445,1409,1403,15,8,0
766,1872,16,286,1484,2295,15,11,2
767,1853,27,985,1005,1973,10,2,2
768,1149,30,1617,1675,3755,17,14,3
769,891,25,375,1724,2073,7,1,1
770,1911,64,1795,1958,3872,9,8,3
771,550,23,486,1930,302,18,5,0
772,576,27,757,1518,1519,18,6,1
773,1760,50,273,1704,2549,10,8,2
774,969,45,491,589,404,18,5,0
775,1160,63,762,859,595,18,4,0
776,827,18,448,821,1663,14,1,0
777,1786,58,231,1671,2764,9,3,3
778,774,8,1713,1865,2614,7,1,2
779,819,11,438,822,1094,10,5,0
780,1042,11,68,1018,2826,18,1,2
781,1368,50,698,829,2496,13,6,2
782,1592,50,510,522,2103,19,8,1
783,1067,14,965,1009,966,5,1,0
784,1892,47,1399,1564,2172,17,14,2
785,915,56,532,1448,905,19,10,0
786,774,55,8,896,3916,8,1,3
787,1848,42,154,605,3902,11,9,3
788,1501,2,198,1056,2487,13,12,2
789,1614,55,860,1330,3914,17,13,3
790,911,46,461,670,363,9,5,0
791,1520,24,109,1909,3233,13,3,3
792,1647,38,193,1185,2532,16,14,2
793,1347,53,961,1008,3836,15,3,3
794,967,25,243,1642,3076,7,4,2
795,1442,56,1626,1668,1513,11,8,2
796,1204,10,480,1482,1724,11,2,1
797,1320,41,123,1229,542,11,1,0
798,1800,8,400,823,3481,10,8,3
799,1567,22,190,1326,3991,15,2,3
800,1439,20,626,932,1790,19,12,1
801,1422,3,1,926,509,19,1,0
802,1591,52,548,1641,282,10,9,0
803,880,6,632,660,3006,6,4,2
804,1929,19,349,1051,1913,12,7,1
805,1642,5,1686,1889,1333,18,1,2
806,1511,21,1455,1982,3746,10,1,3
807,1312,10,95,893,3941,6,2,3
808,1852,10,580,1163,3970,13,1,3
809,972,44,297,589,3925,7,6,3
810,691,33,951,962,424,5,3,0
811,807,8,667,697,1284,17,13,0
812,1113,25,1047,1312,277,11,2,0
813,721,16,408,1862,1713,10,3,1
814,1188,54,1150,1469,485,12,7,0
815,1512,52,333,952,3002,6,5,2
816,805,64,641,704,418,11,6,0
817,918,8,653,671,1652,17,4,1
818,1320,48,103,1583,2893,8,5,2
819,1236,57,517,809,1406,14,12,0
820,1387,61,785,1151,629,5,3,0
821,1883,30,531,791,3724,16,15,3
822,839,14,564,1391,3835,15,8,3
823,1593,52,761,1336,1354,15,13,1
824,1722,25,1179,1638,2376,5,1,3
825,1954,7,673,690,3438,17,12,3
826,1788,2,472,1073,2655,12,2,2
827,1628,33,412,643,3361,16,10,3
828,1965,4,977,1660,3535,17,1,3
829,833,27,359,1395,2150,9,5,1
830,571,43,224,783,2587,7,5,1
831,1808,31,714,1208,2736,9,1,3
832,1860,55,195,799,676,15,1,0
833,1368,9,843,1145,2941,13,12,3
834,1161,21,308,1169,3336,6,4,3
835,1224,33,522,563,3796,10,5,3
836,902,63,364,1360,3654,18,8,3
837,787,11,806,1423,2934,8,6,2
838,854,30,518,1152,2889,5,2,2
839,1184,48,519,1577,3315,17,7,3
840,1973,39,792,1181,1993,9,1,2
841,510,35,382,1228,2509,17,2,1
842,966,34,214,1523,3534,18,17,3
843,1438,16,859,867,2246,14,11,2
844,1986,51,342,774,3165,5,1,3
845,1907,55,713,1513,286,14,4,0
846,1489,32,172,812,776,7,6,0
847,1843,16,118,580,3213,15,14,3
848,825,38,540,783,716,11,4,0
849,1286,16,18,662,424,10,5,0
850,840,63,987,1081,3486,12,8,3
851,757,58,535,697,3237,19,12,2
852,814,41,1092,1406,1944,16,6,1
853,1195,8,327,1001,643,14,2,0
854,767,10,517,1995,2317,6,1,2
855,1068,52,994,1500,1436,16,1,1
856,994,56,491,530,3190,5,2,2
857,1550,21,268,832,2338,16,1,2
858,1878,29,210,1026,1334,18,7,1
859,623,6,144,672,3657,17,3,2
860,1829,15,729,1267,2080,16,11,2
861,525,35,82,670,1609,16,11,0
862,1065,14,188,928,3078,10,1,2
863,1425,35,150,1897,590,13,2,0
864,1296,11,1222,1382,2552,19,8,2
865,642,34,331,1011,3355,12,5,2
866,1664,15,1178,1929,1968,12,7,2
867,1498,8,347,1076,3358,7,3,3
868,981,2,75,688,1539,19,12,0
869,1236,32,492,1403,942,16,12,0
870,1673,9,65,734,3669,9,1,3
871,712,9,881,1234,3612,13,5,3
872,569,4,351,1159,2351,8,7,1
873,603,64,1842,1968,604,10,4,0
874,1332,11,758,1165,1285,5,1,1
875,1413,13,1323,1481,515,5,1,0
876,1064,34,1175,1569,654,16,13,0
877,1444,48,1092,1554,2540,17,2,3
878,1366,53,647,1876,3869,17,5,3
879,906,18,1102,1793,3412,13,8,3
880,1554,47,319,1367,509,12,3,0
881,1187,21,215,1125,2547,10,3,2
882,1156,30,945,1913,2735,16,15,2
883,1918,22,381,1203,1369,9,6,1
884,841,39,546,828,2942,11,5,2
885,730,6,1096,1155,2812,10,1,2
886,878,31,575,618,3497,9,7,2
887,1059,50,519,1545,619,5,3,0
888,1578,3,342,670,3483,17,4,3
889,1829,36,291,563,1475,11,4,1
890,1132,8,1091,1293,1950,11,2,1
891,1652,40,352,1084,3592,7,6,3
892,912,58,165,1723,3573,17,3,3
893,1181,61,385,831,2020,6,1,1
894,1497,32,1920,1933,1329,6,1,2
895,1790,49,396,1980,3568,6,2,3
896,1742,49,1134,1469,1947,5,4,2
897,1549,8,721,1514,1998,12,7,2
898,1372,34,687,937,725,11,3,0
899,1112,12,777,1119,3302,11,1,3
900,1005,46,176,1556,3884,17,1,3
901,783,27,458,1263,1185,15,4,0
902,1698,26,485,1819,1656,5,3,2
903,899,53,641,1638,2870,19,16,2
904,1062,45,798,1435,911,14,2,0
905,989,17,256,1394,3892,18,7,3
906,1983,27,370,1197,3897,12,10,3
907,1800,53,191,1108,656,14,10,0
908,1254,45,1571,1956,606,7,2,1
909,868,30,276,1026,1653,11,7,1
910,1205,12,573,614,860,14,1,0
911,1284,10,160,516,2197,16,2,1
912,626,23,90,1334,3458,7,5,2
913,1763,53,138,806,2066,12,9,1
914,694,36,983,1230,3676,12,8,3
915,1265,49,275,687,1518,16,11,1
916,816,14,149,558,1018,17,10,0
917,904,35,42,507,1360,15,12,0
918,979,5,793,1670,3449,5,2,3
919,1531,60,625,765,2524,13,11,2
920,934,30,521,1190,703,10,8,0
921,1624,58,1530,1744,1251,13,4,1
922,874,8,442,1248,582,6,4,0
923,1027,63,152,714,1732,8,5,1
924,1966,48,1242,1973,1252,6,4,2
925,1048,29,29,1670,2146,11,10,1
926,1496,38,501,506,1927,17,4,1
927,959,13,87,736,3328,10,9,2
928,1349,55,648,1019,2462,15,7,2
929,1689,13,521,674,1172,12,11,0
930,1558,27,120,1409,3598,9,2,3
931,582,27,985,1420,2437,19,2,2
932,1485,44,341,774,3271,14,12,3
933,1991,9,751,1377,1511,17,8,1
934,553,23,993,1517,2981,7,3,2
935,1231,7,43,1663,3119,9,4,3
936,805,34,1262,1538,3647,18,11,3
937,764,13,361,511,3148,18,7,2
938,894,54,104,541,2829,11,5,2
939,1589,46,618,940,2373,11,9,2
940,1456,39,815,1666,3998,6,3,3
941,743,33,1587,1659,316,19,10,0
942,1061,52,138,1330,999,16,12,0
943,1428,7,584,983,1808,12,8,1
944,674,8,750,772,589,18,6,0
945,832,46,820,1366,3317,8,1,3
946,1625,50,8,1219,670,16,3,0
947,907,42,171,507,584,11,9,0
948,1631,13,960,1735,2173,12,3,2
949,1584,41,160,1291,1561,10,5,1
950,1382,13,612,719,2073,16,7,1
951,633,46,709,1915,1401,19,14,1
952,1444,38,624,917,3764,14,9,3
953,852,54,538,730,1275,13,7,0
954,922,47,1295,1808,1464,17,4,1
955,1745,57,1164,1908,2885,13,11,3
956,862,6,829,1977,3458,9,4,3
957,1754,52,199,1452,3019,11,6,3
958,1008,36,825,1972,1083,6,4,1
959,1569,33,519,930,3538,18,1,3
960,1596,7,169,1190,2493,14,12,2
961,1807,61,1734,1968,3726,8,5,3
962,1660,7,76,1165,1531,12,1,1
963,1861,55,1698,1877,601,7,5,1
964,648,8,819,1997,2991,8,7,2
965,1379,19,387,671,3912,11,2,3
966,1910,34,985,1284,309,8,4,0
967,1807,13,970,974,323,9,3,0
968,1923,46,767,1759,1489,10,9,1
969,1345,38,512,1465,1322,9,2,1
970,904,14,56,760,1846,7,1,1
971,1239,52,590,661,417,8,1,0
972,1330,52,462,1304,3269,19,6,3
973,516,30,126,698,3731,17,13,2
974,672,54,578,1143,667,17,8,0
975,892,47,655,1782,1241,12,3,1
976,1778,23,1028,1445,3941,19,6,3
977,1130,58,88,1261,1018,17,1,0
978,1359,59,1692,1902,3142,19,3,3
979,1866,47,358,1782,1444,7,4,1
980,1597,34,64,1667,934,16,10,0
981,1046,58,259,1040,3863,17,12,3
982,1035,44,236,1960,3506,14,5,3
983,1175,19,873,1394,1944,9,4,1
984,1261,11,858,1591,348,14,9,0
985,1068,51,1405,1910,550,12,8,0
986,1713,20,237,890,971,11,10,0
987,1688,21,650,864,3984,17,14,3
988,1413,45,1949,1994,2973,17,8,3
989,559,11,541,823,2019,10,4,1
990,1483,19,361,1552,1587,9,4,1
991,860,48,335,1463,1870,17,2,1
992,1090,27,1638,1910,1352,5,1,1
993,686,3,1109,1392,570,7,6,0
994,818,43,111,510,546,12,6,0
995,1456,49,1285,1427,3624,12,11,3
996,774,10,1480,1731,2944,8,6,2
997,1068,19,322,875,1209,19,12,0
998,1373,29,1220,1348,2752,15,2,3
999,1777,20,511,616,3868,5,1,3
1000,594,28,1011,1263,3087,16,4,2
1001,1524,57,629,635,947,11,4,0
1002,511,50,140,622,1484,9,7,0
1003,1402,46,1081,1767,347,17,1,0
1004,965,53,297,653,3227,12,6,2
1005,1270,58,1512,1716,3299,13,4,3
1006,919,13,275,570,1028,8,4,0
1007,1963,34,1136,1813,714,18,2,1
1008,1977,31,1145,1356,2641,8,2,3
1009,1881,51,477,1553,1229,12,1,1
1010,683,19,954,1985,2622,16,3,2
1011,772,6,741,1471,929,13,6,0
1012,536,53,547,705,1211,15,10,0
1013,1694,53,1194,1208,1653,7,5,2
1014,1633,33,146,906,511,9,1,0
1015,1371,52,471,663,3034,13,6,2
1016,551,54,169,1916,1414,6,1,0
1017,1221,28,1895,1976,2438,13,11,3
1018,1000,63,1537,1761,3744,11,1,3
1019,1986,64,236,1520,1377,5,3,1
1020,1119,23,821,915,3520,7,4,3
1021,1699,59,466,1768,3796,17,10,3
1022,1099,61,393,1096,1699,17,10,1
1023,1576,58,400,631,336,14,8,0
1024,950,55,774,843,1095,14,12,0
1025,1081,49,284,519,325,9,1,0
1026,606,53,465,1152,1223,19,12,0
1027,502,37,705,1810,1649,6,1,1
1028,957,4,38,1682,1898,12,4,1
1029,1658,38,51,739,2609,12,11,2
1030,1681,18,850,1005,2265,5,3,2
1031,1983,43,349,676,2775,9,4,2
1032,1753,12,387,1595,1445,17,16,1
1033,1632,41,706,1623,2614,5,4,2
1034,1949,57,951,1178,356,5,3,0
1035,1696,13,179,772,523,5,1,0
1036,688,57,426,1964,3745,17,1,3
1037,1104,60,653,1413,1229,6,1,0
1038,1122,28,1578,1963,1402,14,10,1
1039,504,46,280,1795,2085,13,5,1
1040,1154,14,251,1801,587,8,3,0
1041,1727,63,1463,1992,2457,19,13,3
1042,1674,52,1432,1649,2030,7,1,2
1043,1948,18,477,571,816,16,2,0
1044,1218,39,1122,1746,1667,10,1,1
1045,531,63,145,1903,2958,17,1,2
1046,1057,5,416,1055,3705,6,4,3
1047,576,30,847,893,2800,11,6,2
1048,1960,7,868,877,3773,11,9,3
1049,673,22,594,1088,2050,7,2,1
1050,718,21,518,830,1754,17,11,1
1051,864,35,663,1805,1904,12,8,1
1052,547,37,371,541,2705,17,3,1
1053,623,3,1749,1781,3537,16,13,3
1054,1793,27,586,722,1370,16,3,1
1055,1720,19,409,646,1222,13,2,1
1056,812,64,35,1309,3102,6,1,2
1057,980,33,1008,1758,2268,7,5,2
1058,643,18,442,1079,2648,7,5,1
1059,1925,16,983,1087,2173,7,3,2
1060,1408,32,875,982,3162,19,18,3
1061,1522,28,952,1191,1368,14,5,1
1062,587,51,244,1361,2746,10,4,2
1063,1959,18,65,1055,619,7,4,0
1064,1872,17,1749,1767,724,17,3,1
1065,1043,42,716,1626,912,16,9,0
1066,1809,23,433,1661,2784,12,6,3
1067,1703,23,134,521,793,7,3,0
1068,1095,45,179,1247,560,9,1,0
1069,1414,27,804,1564,312,5,2,0
1070,1659,41,787,1515,545,12,1,0
1071,1540,60,704,822,1591,19,1,1
1072,1342,31,991,1638,2746,15,5,3
1073,1189,8,379,932,893,9,6,0
1074,518,62,489,710,2514,16,12,1
1075,1449,10,1518,1883,1032,10,1,1
1076,516,39,855,1401,819,8,1,0
1077,1569,59,1261,1383,3672,15,2,3
1078,1312,24,115,1791,3833,14,13,3
1079,1893,23,1203,1432,1482,15,7,2
1080,1076,14,545,1300,2043,7,5,1
1081,530,40,818,1090,1229,16,11,0
1082,1044,33,42,1262,1816,17,16,1
1083,1330,37,1103,1637,2166,10,1,2
1084,1836,14,168,1068,2469,18,6,2
1085,1741,55,719,755,2575,13,10,2
1086,1869,30,163,874,1375,15,3,1
1087,1331,55,1162,1531,1732,6,2,1
1088,1655,4,626,1348,673,10,3,0
1089,605,18,329,656,2301,15,9,1
1090,1245,30,330,1434,2676,17,8,2
1091,1709,58,956,1292,1781,18,3,2
1092,846,58,1140,1983,2248,16,8,2
1093,1403,62,217,1623,921,14,13,0
1094,688,2,271,869,391,5,2,0
1095,775,10,444,1555,1719,19,3,1
1096,1154,35,1003,1827,3262,16,15,3
1097,1375,35,227,772,1947,15,13,1
1098,1827,61,253,1764,2693,8,3,3
1099,1697,60,88,1046,441,15,1,0
1100,741,14,334,594,1886,19,11,0
1101,1672,32,1281,1896,1267,17,4,1
1102,514,57,168,1320,687,6,1,0
1103,1375,12,898,1687,2890,17,1,3
1104,989,55,46,1069,1737,8,5,1
1105,1510,47,118,1170,887,18,6,0
1106,1266,18,1187,1595,398,16,8,0
1107,1396,46,1191,1347,2389,7,3,2
1108,808,45,526,1324,3431,15,6,3
1109,1542,43,346,966,3601,14,4,3
1110,745,35,89,1538,2459,14,1,1
1111,1735,59,137,846,3230,6,1,3
1112,586,57,1226,1389,3646,15,4,3
1113,1341,36,473,574,2200,18,14,1
1114,781,64,368,607,3862,17,10,3
1115,501,22,239,1636,3077,17,3,2
1116,1224,44,622,709,621,11,4,0
1117,1970,58,654,882,2372,14,12,2
1118,618,63,853,1781,2574,14,3,2
1119,1537,46,686,1305,2857,17,14,3
1120,1018,16,992,1433,3143,17,12,3
1121,1545,35,115,1352,3197,14,9,3
1122,1871,41,275,1966,2727,15,8,3
1123,1729,12,461,1178,1519,9,4,1
1124,680,9,1428,1500,2438,14,2,2
1125,1106,54,614,1212,2674,9,3,2
1126,635,50,193,989,2107,13,12,1
1127,618,16,1105,1602,2262,16,15,2
1128,1671,5,398,1263,815,16,6,0
1129,1562,52,480,728,2829,13,10,2
1130,1975,31,775,1607,3022,13,5,3
1131,831,62,1482,1490,2573,16,12,2
1132,1524,10,154,550,2678,16,5,2
1133,1528,55,454,1762,1282,11,9,1
1134,1447,9,737,1455,568,12,11,0
1135,1344,14,419,556,2074,8,1,1
1136,564,8,853,1737,2227,9,2,1
1137,921,60,1211,1229,1080,10,1,0
1138,1413,10,314,1606,2867,5,4,2
1139,831,55,172,1239,1075,12,11,0
1140,802,43,527,734,3063,17,13,2
1141,1923,24,874,1264,2479,9,2,2
1142,1193,56,674,864,2394,19,11,2
1143,904,31,657,1014,2814,13,3,2
1144,1285,51,475,500,2094,8,1,1
1145,1635,2,1209,1411,2315,10,1,2
1146,1923,14,15,525,2519,13,1,2
1147,1851,12,293,1967,735,7,6,0
1148,727,32,813,1377,1891,19,13,1
1149,1396,44,173,1843,1386,7,1,1
1150,877,46,457,652,3260,14,12,2
1151,696,35,533,797,2022,14,11,1
1152,1009,2,912,1043,1716,7,5,1
1153,1526,38,798,1418,3317,7,1,3
1154,987,20,412,565,1454,11,3,0
1155,1414,49,130,887,2290,13,1,1
1156,1732,61,201,656,3940,17,11,3
1157,1587,50,299,874,461,17,4,0
1158,1097,21,1277,1352,2219,15,6,2
1159,504,40,626,1195,470,6,1,0
1160,1159,28,378,751,2495,10,1,2
1161,1910,29,333,639,2944,8,7,2
1162,865,59,805,1804,2361,16,11,2
1163,1930,16,1901,1920,1783,17,3,2
1164,860,40,1573,1581,2832,13,7,2
1165,1268,42,360,912,931,11,5,0
1166,999,27,20,745,1344,17,10,0
1167,622,9,98,511,3916,13,1,2
1168,1250,44,703,1011,1882,14,1,1
1169,763,51,273,1278,2865,11,6,2
1170,1100,15,919,1344,757,12,2,0
1171,815,51,982,1291,3469,5,4,3
1172,618,57,879,896,2399,18,15,1
1173,553,18,1287,1892,3300,12,10,3
1174,673,3,1109,1247,2719,19,2,2
1175,563,47,211,684,3012,14,4,2
1176,1590,14,1058,1109,2836,6,5,3
1177,1031,11,532,1247,2385,11,7,2
1178,909,30,290,773,594,12,1,0
1179,1880,7,890,1019,2968,9,1,3
1180,1479,24,327,645,3762,12,10,3
1181,1271,2,1260,1788,892,15,13,1
1182,709,13,570,1422,467,17,11,0
1183,1744,62,621,1558,345,10,6,0
1184,1314,40,328,1858,3033,9,8,3
1185,1136,9,1307,1767,2110,9,5,2
1186,1039,56,497,618,3105,14,8,2
1187,1300,62,219,1037,874,15,3,0
1188,732,39,1163,1554,3681,19,3,3
1189,511,52,24,759,3865,8,3,2
1190,1092,11,468,571,737,14,4,0
1191,921,10,1272,1469,3153,8,2,3
1192,1030,37,503,551,2800,8,6,2
1193,1130,27,1495,1579,315,14,5,0
1194,1299,60,1333,1838,1412,13,1,1
1195,1009,2,267,1841,2286,19,8,2
1196,1735,34,149,876,2392,17,15,2
1197,1129,49,1070,1079,1857,8,4,1
1198,708,26,206,620,1419,10,6,0
1199,894,58,158,747,3305,12,7,2
1200,530,32,48,1012,959,17,7,0
1201,1481,35,249,522,2635,17,16,2
1202,1068,45,935,1499,1754,17,7,1
1203,1487,57,140,768,2563,18,4,2
1204,1524,41,184,740,1936,7,1,1
1205,1093,22,238,807,1869,8,5,1
1206,1816,50,800,1089,3637,11,7,3
1207,627,20,211,507,896,17,6,0
1208,989,51,670,804,2349,10,1,1
1209,1895,5,725,1335,774,15,4,1
1210,805,58,81,1544,3397,7,6,2
1211,713,2,1211,1378,485,10,6,0
1212,864,24,1362,1378,3964,13,8,3
1213,1177,11,945,1923,1887,8,5,1
1214,582,32,1043,1702,2977,6,1,2
1215,1898,56,444,739,2114,10,5,2
1216,1158,29,311,1796,1542,17,9,1
1217,1451,57,812,1456,3038,15,7,3
1218,1820,51,202,1884,2481,11,9,2
1219,984,9,531,707,841,18,15,0
1220,580,24,404,898,3565,12,11,2
1221,1263,5,954,1609,1958,9,6,2
1222,1237,27,274,603,2454,14,1,2
1223,514,37,956,1723,3392,12,8,3
1224,1515,56,1438,1593,262,14,4,0
1225,721,6,1446,1988,530,8,4,0
1226,603,35,692,1057,3703,13,1,3
1227,1426,55,777,1032,2562,5,1,2
1228,1820,64,1157,1951,574,10,2,1
1229,1215,16,454,1473,2632,7,1,2
1230,697,20,478,1477,259,12,6,0
1231,717,10,217,1106,688,10,7,0
1232,1348,36,468,741,2554,19,1,2
1233,1164,61,1107,1656,3859,11,10,3
1234,578,62,626,1134,2977,15,12,2
1235,1971,40,485,922,571,8,7,0
1236,1794,55,43,627,402,14,7,0
1237,1558,32,322,1385,878,16,5,0
1238,1597,4,880,1145,2130,8,3,2
1239,1240,39,1511,1756,3260,13,1,3
1240,1994,7,667,711,454,11,8,0
1241,1221,35,765,1899,2638,19,16,2
1242,989,24,614,679,2819,16,13,2
1243,1180,50,925,1252,1464,7,3,1
1244,718,59,1185,1387,1824,11,9,1
1245,1670,47,1706,1886,876,16,1,1
1246,534,21,347,1477,2706,7,5,2
1247,1566,20,1603,1930,659,14,9,1
1248,1935,29,806,860,455,9,2,0
1249,504,54,1207,1539,2378,17,11,2
1250,913,41,431,1144,2278,15,3,1
1251,1317,43,179,613,3436,16,13,3
1252,917,31,423,909,3424,19,2,3
1253,712,49,1131,1743,401,5,1,0
1254,1083,52,925,1469,681,19,18,0
1255,1039,6,62,544,3212,15,7,2
1256,1747,13,800,873,3105,7,1,3
1257,1449,52,211,947,2036,5,1,1
1258,1872,49,81,1389,3153,16,15,3
1259,1796,7,667,798,1642,9,4,1
1260,1097,60,405,519,509,15,12,0
1261,1562,20,678,1676,3465,16,11,3
1262,1433,27,1619,1651,3900,18,16,3
1263,740,12,935,1147,1105,7,6,0
1264,676,39,864,1011,2064,13,7,1
1265,503,13,1495,1688,3117,19,6,3
1266,1020,7,870,1613,1142,13,9,1
1267,896,4,1379,1469,1060,12,10,1
1268,1824,19,1055,1738,2381,14,1,2
1269,1512,54,220,1838,3366,7,3,3
1270,1053,42,419,1261,1339,17,1,0
1271,1944,31,1111,1362,2560,7,3,3
1272,1174,25,1097,1461,285,19,7,0
1273,627,12,447,819,2476,17,1,1
1274,1602,46,273,1062,1862,16,9,1
1275,1733,6,590,997,3488,6,4,3
1276,586,8,116,598,3178,9,7,2
1277,1528,37,306,564,733,15,1,0
1278,875,23,300,1316,756,14,5,0
1279,1602,58,1259,1746,3622,17,2,3
1280,1426,12,1573,1694,1277,14,9,1
1281,1370,6,1392,1783,3703,13,10,3
1282,609,10,113,1524,1905,16,3,1
1283,840,15,526,1728,2636,12,2,2
1284,991,12,1209,1678,2014,11,9,2
1285,1724,9,655,828,3056,18,16,3
1286,584,19,1123,1622,465,12,8,0
1287,860,49,692,979,3869,16,14,3
1288,1541,28,796,1052,1108,12,1,1
1289,615,58,1021,1958,1906,14,5,1
1290,912,46,995,1310,851,8,4,0
1291,1278,60,1244,1504,3142,11,4,3
1292,1365,31,293,970,1300,14,7,0
1293,1702,36,1240,1931,1430,8,6,2
1294,589,59,759,1858,362,16,10,0
1295,1347,56,398,1528,2456,13,1,2
1296,1644,44,358,791,2360,7,4,2
1297,956,42,403,1614,3700,10,1,3
1298,1089,2,211,1409,2620,7,5,2
1299,871,52,194,1437,437,14,7,0
1300,664,6,1076,1472,3774,11,5,3
1301,1874,19,1238,1418,1218,15,10,1
1302,1928,5,229,1004,696,14,12,0
1303,888,33,327,1683,3407,12,1,3
1304,1077,58,135,1892,3902,9,3,3
1305,1023,30,5,1744,2086,10,1,1
1306,1426,42,715,1163,1356,15,9,1
1307,831,26,511,621,1704,6,5,0
1308,1496,6,549,1383,3571,16,1,3
1309,1433,5,420,784,2132,18,15,1
1310,1095,44,838,1066,3209,13,11,3
1311,643,23,314,1400,2096,13,6,1
1312,1142,6,739,1766,1273,19,1,1
1313,730,27,62,846,3623,9,4,2
1314,1901,41,3,1662,368,5,1,0
1315,1510,32,963,1520,854,8,2,1
1316,1924,59,1438,1923,3646,10,9,3
1317,1825,17,1621,1773,3130,12,4,3
1318,1275,5,19,501,3784,13,4,3
1319,987,17,887,1274,3885,11,1,3
1320,1538,13,567,986,1494,18,10,1
1321,1965,29,584,676,2973,11,1,3
1322,808,20,496,974,1471,13,4,0
1323,712,27,1245,1309,2001,11,10,1
1324,1507,42,682,888,1486,15,3,1
1325,912,47,724,794,1321,7,2,0
1326,769,17,1384,1454,1877,18,2,1
1327,948,22,257,1654,3499,11,7,3
1328,507,39,17,1084,2124,6,1,1
1329,1384,60,983,1210,1221,18,12,1
1330,1766,29,439,1306,2316,19,2,2
1331,1407,16,925,1206,1068,6,1,1
1332,614,24,409,603,1930,13,12,1
1333,1972,14,293,952,1316,8,1,1
1334,1039,47,384,1878,1742,18,12,1
1335,511,34,149,1285,3265,14,7,2
1336,1811,5,447,568,2700,13,7,2
1337,1159,36,717,1206,2115,8,7,2
1338,1848,12,195,533,3915,9,7,3
1339,1988,16,153,696,3144,16,2,3
1340,1469,58,1699,1850,1571,17,16,2
1341,1423,44,501,640,2253,10,8,1
1342,1974,10,530,1496,1433,6,1,1
1343,835,42,396,1378,2583,15,2,2
1344,1429,42,670,1552,1817,6,1,1
1345,947,51,193,887,2915,17,1,2
1346,1446,18,351,1769,3340,8,1,3
1347,1332,7,846,855,2790,19,11,2
1348,1498,14,111,1167,577,14,12,0
1349,1576,14,1213,1386,3220,17,2,3
1350,1398,26,755,1284,3488,14,3,3
1351,1885,14,1406,1517,1277,9,6,1
1352,798,2,497,627,3593,14,9,2
1353,1436,42,1826,1836,2736,12,5,3
1354,1998,31,50,1356,2311,17,9,2
1355,1321,63,817,941,1464,7,6,1
1356,1021,9,901,1793,1355,6,1,1
1357,1339,40,212,1269,2382,6,4,2
1358,1210,57,329,1039,1886,16,1,1
1359,1949,31,837,1182,832,7,3,1
1360,882,28,248,884,751,19,11,0
1361,1549,27,632,1162,436,10,8,0
1362,1991,42,366,613,722,6,5,0
1363,796,12,174,518,1075,7,3,0
1364,1012,39,882,1195,2802,8,1,2
1365,1318,11,688,1591,1780,12,10,1
1366,1708,14,263,1345,1247,19,16,1
1367,598,62,118,764,3066,11,2,2
1368,541,51,1012,1226,403,11,2,0
1369,818,23,586,1552,2518,19,12,2
1370,1414,15,294,1233,1069,18,6,0
1371,601,6,818,1827,2651,14,8,2
1372,561,40,426,865,2974,15,12,2
1373,1616,52,151,1133,657,7,3,0
1374,1263,32,409,644,3372,18,13,3
1375,1604,63,641,1156,1464,15,9,1
1376,539,24,958,967,1326,7,4,0
1377,1071,49,1328,1970,3393,6,5,3
1378,826,57,354,530,323,17,3,0
1379,771,62,1709,1781,1628,9,3,1
1380,1811,33,1099,1553,2610,8,3,3
1381,1842,56,783,1227,3721,16,11,3
1382,1420,50,194,1393,763,17,1,0
1383,1763,10,238,1893,792,17,12,0
1384,1163,2,919,1076,1568,14,1,1
1385,1805,29,758,891,1276,19,4,1
1386,610,52,1039,1273,3472,10,4,3
1387,1533,17,1054,1393,2520,8,2,2
1388,1924,63,122,686,3423,13,3,3
1389,1801,52,100,1708,258,14,8,0
1390,1726,42,1221,1804,1868,16,7,2
1391,794,14,312,1376,2171,19,8,1
1392,1686,28,599,1073,780,11,10,0
1393,1444,6,1274,1340,712,17,5,0
1394,1004,30,62,581,1012,7,4,0
1395,1242,28,315,1796,318,11,10,0
1396,539,26,1123,1709,3948,18,11,3
1397,717,14,1878,1981,629,16,15,0
1398,1540,29,318,831,1161,11,8,0
1399,672,35,574,1267,1403,16,7,0
1400,1325,13,1353,1915,3707,19,3,3
1401,950,55,86,1681,1305,6,5,0
1402,948,18,340,1728,2926,17,13,2
1403,1328,27,602,1156,2674,7,2,2
1404,1447,40,963,1062,471,8,4,0
1405,1973,21,127,507,1724,12,10,1
1406,1731,60,142,1039,1220,9,3,1
1407,1617,63,274,1079,2754,19,10,2
1408,1791,33,371,682,594,17,8,0
1409,851,54,788,1007,1005,12,2,0
1410,856,14,395,1027,2439,6,3,1
1411,714,30,643,1527,2302,12,10,1
1412,951,15,854,935,1083,16,11,0
1413,1303,10,1335,1873,2219,9,3,2
1414,1550,32,1541,1619,1571,12,3,2
1415,1759,15,382,1163,2107,18,5,2
1416,1448,2,846,1144,593,9,4,0
1417,1987,50,960,1925,857,12,4,1
1418,908,44,154,941,3518,16,12,3
1419,820,58,468,694,1284,17,7,0
1420,904,19,1094,1496,545,19,18,0
1421,667,6,272,870,3566,9,5,2
1422,1109,34,165,1103,2821,13,5,2
1423,1333,59,394,1301,3442,18,16,3
1424,1352,6,629,1299,1309,12,1,1
1425,1600,19,831,1713,1179,10,3,1
1426,1454,37,903,910,1713,16,1,1
1427,1489,9,923,1759,1663,9,3,1
1428,1823,10,362,1250,1812,5,1,2
1429,1581,41,693,850,1384,19,9,1
1430,1672,44,1250,1435,1348,11,6,1
1431,1283,27,1135,1923,3957,17,15,3
1432,630,14,66,1448,1212,12,8,0
1433,659,24,924,1877,3925,8,1,3
1434,1811,32,204,1132,348,17,11,0
1435,688,40,376,1957,1382,12,7,1
1436,514,18,1083,1492,980,13,7,0
1437,1933,16,229,1473,838,14,2,0
1438,915,31,875,1316,378,11,6,0
1439,1006,22,35,991,909,18,4,0
1440,1134,13,18,903,3632,17,8,3
1441,599,64,103,646,3396,5,3,2
1442,973,53,105,588,1861,13,10,1
1443,1180,27,168,540,348,7,5,0
1444,1237,13,18,1004,2528,11,8,2
1445,659,5,659,730,2190,16,10,1
1446,1142,6,534,855,663,12,4,0
1447,1002,11,285,512,961,10,7,0
1448,1392,44,482,1098,1280,8,1,1
1449,602,50,1571,1717,2189,7,5,2
1450,1249,55,605,1193,531,18,10,0
1451,531,12,158,1657,2331,18,12,1
1452,1450,31,1573,1639,794,11,5,1
1453,1342,50,127,620,2644,7,2,2
1454,832,22,343,1431,1666,15,4,1
1455,867,57,289,724,2157,8,6,1
1456,1404,44,1703,1880,1196,10,6,1
1457,840,33,1482,1591,2072,10,8,2
1458,1368,42,907,925,1590,12,1,1
1459,1927,11,491,1506,2916,16,11,3
1460,1714,31,287,627,3707,5,1,3
1461,1201,10,1151,1723,726,11,4,0
1462,1796,44,1024,1363,3577,17,7,3
1463,1147,28,1085,1134,2627,18,3,2
1464,776,20,991,1803,685,15,11,0
1465,510,33,1052,1897,1693,6,2,1
1466,1045,40,1078,1564,2137,11,8,2
1467,1497,10,98,977,3696,9,1,3
1468,1425,33,396,1648,3771,10,3,3
1469,726,40,323,978,1342,16,11,0
1470,1576,20,410,1551,1379,17,1,1
1471,714,11,1750,1857,1164,15,12,1
1472,1595,63,1475,1988,908,18,13,1
1473,541,10,1836,1873,1019,19,9,1
1474,1617,29,283,676,3685,13,1,3
1475,1154,5,539,1240,1470,12,1,1
1476,1638,2,440,563,2299,19,9,2
1477,1150,39,397,800,999,6,2,0
1478,1254,44,204,1021,3011,7,4,2
1479,1806,54,347,727,3142,13,1,3
1480,603,12,1003,1284,1543,7,5,1
1481,1834,40,0,1987,3692,13,1,3
1482,520,31,264,519,2753,13,7,1
1483,565,50,543,703,2156,13,6,1
1484,1689,9,467,675,2637,8,4,2
1485,742,21,875,925,331,11,8,0
1486,1143,22,1116,1724,1214,12,5,1
1487,761,3,1325,1945,2248,19,3,2
1488,959,36,1313,1331,3073,19,1,3
1489,772,8,552,1802,422,7,6,0
1490,1015,12,335,679,2293,5,1,1
1491,1824,2,50,1105,3958,12,2,3
1492,1130,29,593,1327,432,6,1,0
1493,1183,48,268,1010,1152,8,3,0
1494,574,26,382,1364,1303,8,4,0
1495,1472,20,443,892,797,6,1,0
1496,1868,40,576,884,298,8,2,0
1497,1375,20,596,679,3847,8,1,3
1498,881,64,115,636,2110,18,9,1
1499,1742,43,356,1407,1921,9,2,2
1500,1225,60,10,1567,2423,17,11,2
1501,1970,15,1399,1684,1658,15,9,2
1502,1186,21,68,584,2361,17,8,1
1503,1762,60,643,790,1380,14,5,1
1504,1731,4,809,1988,3892,5,1,3
1505,852,8,683,1349,315,7,6,0
1506,848,36,56,527,2289,10,2,1
1507,1575,11,492,818,2182,7,3,2
1508,1554,23,699,1492,2184,13,9,2
1509,1972,48,290,804,2872,7,2,3
1510,827,35,23,826,2367,5,3,1
1511,1063,3,394,849,1919,12,10,1
1512,1695,34,713,1742,3296,17,6,3
1513,1343,14,1063,1205,462,18,7,0
1514,834,27,1421,1463,1591,11,9,1
1515,595,20,623,816,1593,19,11,0
1516,1081,42,83,816,2456,7,4,1
1517,911,14,1563,1692,2933,16,3,3
1518,844,22,777,1995,3154,14,11,3
1519,1335,60,83,559,3615,5,2,3
1520,1883,24,203,915,3563,17,10,3
1521,1128,33,938,1226,1440,17,15,1
1522,826,57,1077,1183,1907,15,14,1
1523,1650,38,773,881,324,14,10,0
1524,1162,50,332,866,1404,10,3,1
1525,1517,8,570,1645,2738,18,16,2
1526,963,60,742,821,2722,12,6,2
1527,1837,12,1420,1539,2294,8,7,3
1528,1028,30,1801,1923,1424,18,4,1
1529,1831,55,1693,1790,1133,14,3,1
1530,571,58,31,1536,555,19,10,0
1531,1770,9,1098,1373,3785,13,10,3
1532,970,59,1765,1786,3675,12,1,3
1533,642,38,887,1775,435,9,2,0
1534,622,11,760,1964,3183,5,1,2
1535,600,6,486,1032,3495,17,4,2
1536,1412,57,2,660,1853,15,10,1
1537,733,16,202,1787,2648,12,1,2
1538,1070,19,90,1614,2647,14,13,2
1539,875,30,469,853,702,19,15,0
1540,1994,5,86,1546,1836,12,11,2
1541,823,18,1180,1350,3894,13,10,3
1542,1908,30,140,1046,2944,19,17,3
1543,790,44,1100,1437,3424,13,11,3
1544,1330,40,194,892,2678,9,4,2
1545,1660,15,440,569,2424,12,5,2
1546,1776,20,1563,1803,2671,15,10,3
1547,1611,27,163,1011,3078,15,2,2
1548,1410,15,192,1311,2304,18,4,2
1549,1772,45,837,1405,1146,6,1,1
1550,1280,39,356,588,2335,6,4,1
1551,1712,23,155,663,1422,5,1,1
1552,1562,55,1032,1776,2096,15,3,2
1553,891,18,40,1435,1303,17,16,0
1554,1957,36,1194,1727,1115,16,2,1
1555,1110,42,1179,1262,456,12,8,0
1556,875,43,902,969,3396,14,2,3
1557,1211,28,58,963,2750,6,1,2
1558,769,54,1385,1780,941,15,8,0
1559,671,2,614,1617,2278,13,4,2
1560,1872,26,672,1088,2273,8,4,2
1561,1076,14,1088,1718,2355,17,16,2
1562,1325,50,499,695,2328,17,10,2
1563,911,28,157,763,2638,8,4,1
1564,1273,23,485,1399,558,8,5,0
1565,1062,39,571,817,1345,16,1,0
1566,1317,12,431,542,425,7,1,0
1567,940,16,499,1090,2192,15,13,1
1568,729,14,563,1055,3397,19,15,2
1569,1494,3,944,1003,1208,14,13,1
1570,1546,27,1138,1491,267,12,10,0
1571,1253,34,161,647,3518,7,3,3
1572,895,16,126,1575,3122,7,1,2
1573,793,43,15,1196,1050,11,9,0
1574,1628,56,500,1713,3358,17,11,3
1575,625,42,203,1771,2929,10,4,2
1576,1110,12,961,1950,624,9,7,0
1577,999,49,608,1970,1598,7,1,1
1578,1856,24,277,1155,2052,17,6,2
1579,1715,15,114,1849,1249,16,2,1
1580,1897,54,630,738,412,17,11,0
1581,1202,19,404,1742,595,19,1,0
1582,1171,19,248,755,263,6,5,0
1583,964,22,225,1234,2577,17,16,2
1584,1973,46,699,851,639,6,1,0
1585,1992,2,649,895,3206,10,9,3
1586,546,26,416,1658,1550,7,2,1
1587,1093,31,1310,1420,1646,12,1,1
1588,1880,35,930,1983,1930,17,7,2
1589,1765,11,835,1175,3695,6,5,3
1590,1640,36,664,1806,3235,6,1,3
1591,1830,7,460,1583,2334,8,7,2
1592,826,62,778,1615,1998,17,4,1
1593,1864,7,225,1545,2258,10,1,2
1594,586,42,785,1118,1869,12,2,1
1595,1206,30,1581,1713,1825,7,1,2
1596,832,5,9,1944,3946,12,5,3
1597,848,8,7,1294,436,10,6,0
1598,1851,53,174,1175,2678,6,1,2
1599,1166,59,437,638,3887,8,6,3
1600,1776,35,278,623,1813,16,13,1
1601,1254,27,1288,1372,817,14,1,0
1602,1494,24,979,1190,3614,15,12,3
1603,984,39,56,1931,2013,11,7,1
1604,1179,5,913,1429,543,8,7,0
1605,513,27,282,710,3400,16,6,2
1606,557,17,322,710,2623,17,16,1
1607,744,33,1252,1963,2700,9,3,2
1608,1129,21,1128,1702,1400,11,1,1
1609,1148,58,606,688,3127,10,7,2
1610,1793,44,655,1459,2803,19,9,3
1611,1310,15,954,970,2518,18,17,2
1612,1604,6,68,1042,3564,7,2,3
1613,1676,37,134,1197,2515,14,8,2
1614,1001,40,922,1836,3654,13,9,3
1615,1086,24,1874,1976,3930,17,1,3
1616,1986,39,251,599,3476,11,8,3
1617,634,41,1362,1853,3242,18,11,3
1618,502,52,281,1159,2666,5,4,2
1619,1641,48,224,1994,1695,13,6,2
1620,623,15,778,844,3510,14,4,2
1621,962,17,546,1424,3438,14,3,3
1622,1057,41,397,891,2033,16,9,1
1623,1862,62,386,1046,1017,11,3,1
1624,555,38,214,1970,1686,8,1,1
1625,1000,58,461,833,862,7,1,0
1626,841,11,125,675,957,6,5,0
1627,865,16,335,1009,3494,13,3,3
1628,999,56,342,1641,3083,8,4,2
1629,1232,30,625,761,1656,8,4,1
1630,1194,34,494,509,313,15,1,0
1631,612,20,1145,1487,3282,16,2,3
1632,1362,47,600,1042,3629,19,17,3
1633,1469,44,484,711,1687,15,5,1
1634,986,28,199,679,1149,8,7,0
1635,1843,62,21,832,3899,5,4,3
1636,1561,4,885,1811,1783,13,12,2
1637,1695,47,308,1208,1629,8,6,1
1638,667,8,1015,1947,2528,11,8,2
1639,1768,2,1303,1814,3256,9,6,3
1640,1269,41,406,1036,2341,10,9,2
1641,1109,57,124,833,2785,15,10,2
1642,936,14,150,1677,3761,13,1,3
1643,1713,5,108,1963,1513,15,6,1
1644,1175,45,90,557,2240,10,6,1
1645,1940,5,588,1809,820,19,18,1
1646,855,59,1028,1196,1875,16,8,1
1647,771,33,776,1247,920,16,2,0
1648,645,63,278,584,3615,18,8,2
1649,1307,7,897,1103,1412,16,9,1
1650,1948,5,651,700,361,6,1,0
1651,1509,50,1010,1684,1540,12,8,1
1652,626,11,737,1759,1077,6,1,0
1653,1190,40,1399,1646,3610,13,7,3
1654,1727,57,376,1288,512,5,2,0
1655,1670,62,1117,1330,3024,6,1,3
1656,1150,27,234,1947,1610,11,1,1
1657,1208,16,691,1028,2201,17,16,1
1658,1812,42,380,1550,3338,18,13,3
1659,770,61,603,1483,3473,7,3,3
1660,1559,10,117,681,2203,7,5,1
1661,1902,13,766,877,940,14,10,1
1662,1751,4,1499,1952,1155,19,14,1
1663,1416,20,1175,1578,3872,10,2,3
1664,1288,61,988,1503,1882,16,6,2
1665,1003,16,190,1905,1798,16,7,1
1666,1715,18,674,1375,2598,17,2,3
1667,1967,46,518,1374,1567,15,2,1
1668,962,2,1618,1916,1491,16,2,1
1669,1487,42,857,989,2003,12,4,2
1670,1569,54,371,665,3905,6,2,3
1671,1146,57,73,583,291,19,9,0
1672,1379,9,98,755,1693,11,4,1
1673,1504,25,395,1853,1788,13,11,1
1674,1945,26,1064,1540,3322,18,7,3
1675,1630,32,712,1726,1751,12,10,2
1676,1125,23,774,939,1641,14,8,1
1677,614,51,1012,1040,2854,10,7,2
1678,854,17,730,1148,3115,7,1,2
1679,1470,45,777,1090,3259,10,1,3
1680,1826,49,973,1633,1612,17,9,2
1681,807,37,245,829,2319,5,4,1
1682,1996,7,937,1083,1258,17,14,1
1683,1083,41,937,1164,1543,18,3,1
1684,1035,49,574,1171,3991,12,4,3
1685,1521,62,678,1630,3555,5,2,3
1686,1314,5,82,512,3411,17,16,3
1687,535,24,398,1775,524,9,3,0
1688,673,35,1096,1570,3541,18,17,3
1689,1219,4,1419,1698,1998,9,2,2
1690,1606,33,157,770,3437,11,1,3
1691,1603,17,430,1207,1637,17,3,1
1692,1958,52,1524,1848,3064,7,6,3
1693,695,12,1649,1829,2855,16,13,2
1694,1441,53,254,954,1393,9,4,1
1695,1470,33,1790,1988,1633,18,4,2
1696,1890,48,1438,1832,2392,10,4,3
1697,1152,26,1304,1673,3284,15,2,3
1698,1619,20,813,1180,464,7,5,0
1699,1002,45,948,1007,1234,19,13,0
1700,742,36,1161,1288,292,8,1,0
1701,1306,33,867,1258,2521,6,5,2
1702,1424,20,181,1199,2658,15,1,2
1703,942,27,754,1532,587,6,3,0
1704,1934,2,242,1127,2190,18,1,2
1705,1290,35,405,742,879,16,2,0
1706,930,54,1569,1763,1743,7,1,2
1707,1699,21,105,1099,1181,16,1,1
1708,1849,29,978,1986,3330,14,4,3
1709,1922,42,725,1882,3564,12,1,3
1710,548,56,657,1657,562,17,14,0
1711,916,47,1147,1393,1659,11,10,1
1712,1783,14,910,1566,1816,12,7,2
1713,1083,49,295,503,1338,16,8,0
1714,1698,7,26,508,2992,15,3,2
1715,1969,7,332,764,315,16,7,0
1716,869,2,519,533,3249,19,1,2
1717,1337,5,161,1029,3242,10,1,2
1718,637,28,1080,1289,2725,15,10,2
1719,833,27,649,1290,586,19,8,0
1720,1248,9,71,1686,2454,9,8,2
1721,1174,30,744,1244,804,17,14,0
1722,1831,44,437,1113,2460,10,5,2
1723,1002,27,115,1111,1295,18,15,0
1724,1010,8,547,957,2625,15,11,2
1725,1117,21,495,1035,1999,15,9,1
1726,990,15,1466,1717,2698,11,8,2
1727,1564,26,117,1115,3742,13,3,3
1728,1065,21,760,1722,1193,16,13,1
1729,1982,24,764,1873,3511,16,14,3
1730,1607,20,776,1005,885,11,1,0
1731,1066,5,53,1504,1044,8,7,0
1732,681,17,371,1702,2548,6,1,2
1733,1163,19,728,818,2940,13,1,2
1734,1285,11,1791,1896,3966,17,15,3
1735,753,48,606,1316,3484,11,10,3
1736,1779,5,1225,1717,1246,12,2,1
1737,987,52,419,736,2757,17,12,2
1738,511,24,367,1264,2378,18,3,1
1739,1044,12,1230,1263,1794,18,7,1
1740,1855,32,267,1161,3933,7,1,3
1741,946,26,273,891,1637,7,3,0
1742,657,21,705,1905,783,6,1,0
1743,1673,42,214,679,3094,12,4,2
1744,731,28,424,1032,1774,12,8,1
1745,926,59,84,793,256,18,7,0
1746,1261,52,605,1429,1365,9,3,1
1747,618,45,1175,1586,2339,19,2,2
1748,936,57,657,938,2049,12,8,1
1749,1485,28,371,1023,3241,14,11,3
1750,1339,21,833,1441,867,8,3,0
1751,508,50,102,1195,2175,14,4,1
1752,1938,44,1299,1935,3497,18,10,3
1753,995,10,258,1889,609,11,3,0
1754,1086,43,56,1150,3285,11,5,2
1755,1322,35,443,708,3684,15,8,3
1756,1864,57,1279,1793,3586,19,9,3
1757,1944,26,313,712,2322,19,8,2
1758,581,56,523,565,354,10,4,0
1759,1020,27,919,1482,3204,18,1,3
1760,1936,44,570,1021,1400,17,7,1
1761,1329,23,380,682,2308,11,10,1
1762,808,46,119,529,1082,15,5,0
1763,994,40,296,839,3104,17,7,2
1764,1811,22,358,614,2847,9,2,2
1765,765,44,1364,1851,2256,6,1,2
1766,993,16,424,1639,1113,14,1,0
1767,1136,32,961,1030,3210,10,3,3
1768,719,23,431,1727,3990,14,9,3
1769,733,63,950,1739,984,17,4,0
1770,1946,8,647,1849,3117,6,1,3
1771,1230,48,1960,1963,1622,18,17,2
1772,1577,64,116,1432,2967,7,3,3
1773,1514,12,306,538,1037,15,3,0
1774,579,7,808,1517,2908,12,4,2
1775,574,30,94,1334,1167,5,3,0
1776,1072,19,380,877,2715,15,9,2
1777,843,16,593,732,1734,17,8,1
1778,1492,11,1684,1746,2259,14,12,3
1779,1807,16,1221,1415,2921,8,5,3
1780,909,47,410,1643,1244,14,10,0
1781,1876,64,600,1211,3132,17,1,3
1782,1436,23,189,1411,2488,8,4,2
1783,1251,29,308,591,1052,11,9,0
1784,636,28,148,742,2927,15,6,2
1785,1354,26,297,918,2090,5,1,1
1786,930,34,1050,1726,2131,7,2,2
1787,1830,47,1191,1882,3362,13,10,3
1788,1424,23,1399,1663,1053,14,11,1
1789,583,51,1658,1794,1799,16,9,1
1790,648,54,1153,1817,3124,5,1,3
1791,1203,11,35,510,1672,17,13,0
1792,1777,15,553,874,1552,10,8,1
1793,1299,64,46,908,1938,19,8,1
1794,1494,47,207,1177,3202,13,1,3
1795,527,53,67,1924,1302,13,7,0
1796,793,64,818,1006,2296,12,1,1
1797,873,8,1257,1411,575,15,8,0
1798,722,12,138,1371,2359,13,6,1
1799,1250,20,11,1020,3314,6,5,2
1800,1358,60,889,1635,440,14,10,0
1801,1035,11,831,1709,2002,17,8,1
1802,1289,16,713,1854,3167,14,8,3
1803,1445,37,527,1393,3480,17,16,3
1804,1702,47,1284,1643,595,10,1,1
1805,534,2,911,1220,2466,5,3,2
1806,628,60,1047,1534,1337,12,7,1
1807,713,53,123,1477,1462,19,18,0
1808,1207,58,406,681,503,7,3,0
1809,683,30,927,1135,2066,9,1,1
1810,594,27,407,528,708,17,5,0
1811,537,55,1041,1430,2029,10,5,1
1812,1565,38,781,1364,308,19,17,0
1813,1052,6,1191,1839,552,6,1,0
1814,713,63,103,1760,2082,15,10,1
1815,1766,16,125,1227,3314,9,7,3
1816,584,19,919,1343,3996,12,9,3
1817,1541,5,536,1656,1795,7,3,1
1818,837,51,638,1831,594,16,6,0
1819,935,58,639,1087,2473,10,4,2
1820,665,31,496,1804,690,5,2,0
1821,680,34,686,1418,3845,15,1,3
1822,877,17,1064,1985,2004,11,8,1
1823,1493,53,240,1414,2083,19,15,2
1824,1762,26,525,704,2661,9,7,2
1825,842,57,348,730,1903,8,4,1
1826,925,56,1262,1520,2466,8,1,2
1827,1692,2,1899,1904,3779,9,3,3
1828,1576,5,258,789,3904,5,1,3
1829,1065,48,1188,1948,265,8,1,0
1830,958,60,730,751,1417,10,4,0
1831,623,26,484,1238,1769,10,1,1
1832,897,17,547,1852,2948,12,3,2
1833,1110,41,800,1455,2572,16,5,2
1834,616,21,347,513,3267,17,9,2
1835,1680,37,679,1231,1459,15,3,1
1836,1715,12,1224,1676,1633,15,10,2
1837,983,45,948,1205,2052,5,3,1
1838,720,14,366,1234,1086,14,7,0
1839,1660,24,223,1777,2402,12,10,2
1840,1564,42,1619,1962,3376,7,1,3
1841,592,52,332,970,1507,5,1,0
1842,969,44,167,909,641,9,1,0
1843,1356,35,782,951,3451,5,2,3
1844,504,14,881,1129,1607,15,1,0
1845,1546,6,91,1317,3521,15,11,3
1846,689,7,487,722,1241,9,1,0
1847,1685,16,120,1429,881,6,3,0
1848,1792,62,1626,1913,2563,18,14,3
1849,1786,61,74,865,3033,14,11,3
1850,1944,59,634,1079,769,19,13,0
1851,1077,49,334,1079,3454,17,11,3
1852,648,60,931,1811,819,10,3,0
1853,1702,2,921,1351,435,12,9,0
1854,1571,30,805,956,586,10,9,0
1855,856,19,1057,1931,650,17,1,0
1856,1786,14,616,912,3038,18,1,3
1857,914,60,740,840,3736,14,8,3
1858,1615,9,542,678,2948,8,3,2
1859,649,19,344,1551,739,18,1,0
1860,1646,25,211,1608,686,8,6,0
1861,1189,7,79,615,841,13,10,0
1862,1043,29,887,893,1183,5,3,0
1863,1920,19,670,1152,3943,13,1,3
1864,1220,54,383,1249,1037,6,4,0
1865,1748,53,718,1109,2633,16,1,2
1866,907,44,144,896,3911,13,6,3
1867,1193,20,1442,1904,1958,7,5,2
1868,1766,22,291,1318,3297,7,5,3
1869,1278,24,1352,1775,3141,6,2,3
1870,1234,17,209,725,3351,12,9,2
1871,1961,55,861,1888,2355,14,7,3
1872,1745,3,426,1629,1308,5,1,1
1873,1442,27,266,642,991,14,8,0
1874,1083,39,523,542,3248,8,6,2
1875,868,5,40,1311,1519,13,1,0
1876,864,53,262,1436,493,18,9,0
1877,1142,2,623,769,1747,7,1,1
1878,608,64,4,1351,2517,16,8,1
1879,983,53,1001,1176,1389,17,8,1
1880,1720,2,334,896,2522,10,5,2
1881,1802,27,453,963,1885,10,9,2
1882,591,16,952,1726,704,14,5,0
1883,1205,10,321,1870,953,18,11,0
1884,1369,28,1451,1469,3206,16,15,3
1885,713,42,1048,1123,928,12,10,0
1886,1082,2,398,724,2177,12,2,1
1887,1719,52,417,520,2610,10,1,2
1888,1544,12,470,844,489,9,4,0
1889,1090,8,1217,1670,3839,17,3,3
1890,1991,15,298,1037,1861,8,5,1
1891,1367,56,36,642,299,6,2,0
1892,1179,32,85,1451,340,16,5,0
1893,721,15,655,1255,3606,10,1,3
1894,1549,62,167,990,799,7,3,0
1895,1349,46,212,623,2367,11,7,1
1896,1799,30,617,1386,445,10,8,0
1897,1075,11,271,1769,3927,8,3,3
1898,684,63,159,1738,3756,17,5,3
1899,1837,36,786,872,770,14,1,0
1900,1619,21,46,562,1641,7,2,1
1901,965,13,645,1275,2343,17,12,2
1902,730,9,1371,1677,2787,10,8,2
1903,1361,47,881,1382,2495,8,7,2
1904,1494,45,449,790,3208,11,9,3
1905,1027,18,338,534,1234,7,4,0
1906,1807,38,1332,1814,1069,7,6,1
1907,709,11,119,1531,3568,16,14,3
1908,689,45,256,823,3585,10,1,3
1909,955,2,428,1254,1974,14,1,1
1910,1872,35,1546,1879,2419,15,5,3
1911,1259,13,1210,1989,340,17,13,0
1912,695,41,789,1211,2282,5,2,1
1913,1969,63,390,756,298,10,1,0
1914,759,39,110,1317,968,6,2,0
1915,936,18,1330,1686,2391,12,6,2
1916,1176,62,674,1455,1534,6,2,1
1917,1802,10,253,590,696,14,7,0
1918,772,23,317,1805,2782,7,1,2
1919,1318,45,183,661,755,18,3,0
1920,591,16,892,1603,3746,5,1,3
1921,569,41,388,605,2651,17,7,1
1922,764,45,52,539,1341,19,1,0
1923,1056,37,914,979,2651,15,5,2
1924,1982,12,287,593,1824,13,3,1
1925,1830,14,773,1353,1905,16,3,2
1926,1122,40,675,1163,1456,9,3,1
1927,1023,63,367,1985,3155,11,10,3
1928,1283,33,510,980,773,17,7,0
1929,1602,35,1325,1800,1829,18,17,2
1930,732,32,1661,1836,3883,12,2,3
1931,1854,33,665,718,1675,14,12,1
1932,718,30,662,997,1601,10,9,1
1933,897,2,0,994,1958,7,5,1
1934,1405,8,284,1036,2376,19,6,2
1935,798,21,661,1951,1647,12,2,1
1936,1035,40,757,1912,3548,14,4,3
1937,1396,37,560,1177,2694,18,3,2
1938,1749,49,470,775,2195,5,4,2
1939,1588,4,146,822,2506,5,3,2
1940,1600,16,1315,1710,2073,9,5,2
1941,1522,21,533,1696,3767,15,9,3
1942,1279,7,560,1633,1150,7,2,1
1943,719,6,405,1141,841,9,1,0
1944,544,7,227,610,1675,13,4,0
1945,1007,21,479,831,1301,8,6,0
1946,590,32,227,509,1817,10,1,0
1947,1788,6,149,1022,2321,7,5,2
1948,748,25,88,709,1974,17,5,1
1949,757,64,114,819,3433,6,5,2
1950,1561,27,662,874,1205,12,7,1
1951,1327,23,441,1721,872,7,5,0
1952,797,18,888,1466,2052,9,3,1
1953,727,64,664,711,3654,9,1,3
1954,686,36,64,745,1503,10,1,0
1955,1515,24,747,1247,3104,6,5,3
1956,555,17,956,1010,343,19,14,0
1957,1589,5,776,1397,3430,7,5,3
1958,1976,45,652,1933,2470,11,1,3
1959,1884,24,1168,1179,1396,15,8,1
1960,1063,27,201,582,2668,12,5,2
1961,672,61,724,1127,1457,14,10,0
1962,635,16,599,1299,2452,19,17,2
1963,1906,55,3,629,1871,13,5,1
1964,1753,40,1652,1983,1112,8,2,1
1965,659,3,190,657,967,10,1,0
1966,1583,14,1171,1673,2498,13,6,2
1967,1783,42,1081,1979,387,14,5,1
1968,1667,21,1211,1396,635,17,7,0
1969,640,6,976,1353,2711,15,7,2
1970,1913,29,675,742,2023,17,13,2
1971,538,25,455,537,2215,9,3,1
1972,1191,46,42,807,824,19,18,0
1973,816,9,1196,1651,3851,10,3,3
1974,915,33,503,986,2156,7,3,1
1975,1157,27,1694,1798,2885,8,4,3
1976,1201,10,306,558,495,15,6,0
1977,1379,18,838,885,2358,10,5,2
1978,1483,53,291,651,1744,6,3,1
1979,1614,9,173,1219,1832,15,8,1
1980,930,4,1017,1289,2016,13,10,1
1981,1454,6,698,1018,1300,10,1,1
1982,1784,41,610,1437,2313,14,1,2
1983,1262,34,223,737,3248,13,3,2
1984,797,37,206,1167,2216,9,5,1
1985,1829,59,1457,1919,3142,16,6,3
1986,1139,58,742,999,1850,9,4,1
1987,618,13,591,724,1424,15,12,0
1988,1547,57,347,957,1620,9,2,1
1989,586,15,241,854,2592,12,8,1
1990,1617,36,743,1426,296,5,3,0
1991,1882,44,4,743,3579,19,8,3
1992,674,21,576,1809,1180,6,3,0
1993,1467,18,888,1099,3962,15,11,3
1994,858,50,528,1416,3978,17,16,3
1995,794,2,1222,1890,668,13,4,0
1996,1965,39,915,1965,2032,11,10,2
1997,1911,36,868,1632,3057,9,1,3
1998,1512,46,336,670,869,18,10,0
1999,510,45,483,754,3919,19,4,3
